Name,Breed,Color,Height (cm),Weight (kg),Date of Birth,Tail Length (cm),Number of Paws
Bella ,Labrador ,Brown ,56.0,25.0,01.07.2013 ,30.0,4.0
Charlie ,Poodle ,Black ,43.0,23.0,16.09.2016 ,25.0,4.0
Lucy ,Chow Chow ,Brown ,46.0,22.0,25.08.2014 ,22.0,4.0
Cooper ,Schnauzer ,Gray ,49.0,17.0,11.12.2011 ,24.0,4.0
Max ,Labrador ,Black ,59.0,29.0,20.01.2017 ,35.0,4.0
Stella ,Chihuahua ,Tan ,18.0,2.0,20.04.2015 ,12.0,4.0
Bernie ,St. Bernard ,White ,77.0,74.0,27.02.2018 ,40.0,4.0
Daisy ,Labrador ,Yellow ,57.0,27.0,30.06.2012 ,32.0,4.0
Rocky ,Poodle ,White ,41.0,22.0,03.03.2017 ,23.0,4.0
Milo ,Chow Chow ,Red ,48.0,24.0,15.08.2016 ,22.0,4.0
Rex ,Schnauzer ,Black ,50.0,18.0,07.07.2015 ,25.0,4.0
Sadie ,Labrador ,Chocolate ,58.0,28.0,14.10.2014 ,33.0,4.0
Luna ,Chihuahua ,Black ,19.0,3.0,11.11.2018 ,10.0,4.0
Hank ,St. Bernard ,Brown ,75.0,72.0,12.05.2019 ,38.0,4.0
Buddy ,Labrador ,Yellow ,60.0,30.0,09.02.2013 ,34.0,4.0
Lily ,Poodle ,Brown ,45.0,20.0,04.01.2018 ,24.0,4.0
Duke ,Chow Chow ,Black ,47.0,23.0,18.03.2015 ,22.0,4.0
Oscar ,Schnauzer ,Gray ,51.0,19.0,02.12.2012 ,26.0,4.0
Zoe ,Labrador ,Black ,55.0,26.0,22.09.2016 ,31.0,4.0
Minnie ,Chihuahua ,White ,17.0,2.0,10.06.2020 ,11.0,4.0
Thor ,St. Bernard ,White ,78.0,76.0,06.04.2017 ,42.0,4.0
Sam ,Labrador ,Chocolate ,59.0,28.0,11.11.2014 ,34.0,4.0
Baxter ,Poodle ,Gray ,42.0,21.0,29.07.2018 ,24.0,4.0
Ruby ,Chow Chow ,Red ,49.0,22.0,27.02.2012 ,23.0,4.0
Teddy ,Schnauzer ,Black ,48.0,18.0,12.01.2014 ,25.0,4.0
Maggie ,Labrador ,Brown ,57.0,27.0,14.03.2017 ,33.0,4.0
Harley ,Chihuahua ,Tan ,19.0,3.0,05.12.2019 ,12.0,4.0
Zeus ,St. Bernard ,Brown ,80.0,78.0,19.06.2020 ,41.0,4.0
Ginger ,Labrador ,Yellow ,56.0,25.0,07.08.2016 ,30.0,4.0
Chloe ,Poodle ,White ,44.0,22.0,13.05.2015 ,24.0,4.0
Bear ,Chow Chow ,Brown ,46.0,21.0,25.01.2013 ,22.0,4.0
Finn ,Schnauzer ,Gray ,50.0,18.0,30.11.2017 ,25.0,4.0
Bruno ,Labrador ,Black ,58.0,28.0,26.10.2015 ,34.0,4.0
Peanut ,Chihuahua ,Brown ,17.0,3.0,20.02.2021 ,10.0,4.0
Tank ,St. Bernard ,White ,76.0,73.0,18.03.2016 ,42.0,4.0
Jack ,Labrador ,Yellow ,59.0,29.0,09.12.2018 ,35.0,4.0
Penny ,Poodle ,Brown ,43.0,21.0,04.04.2016 ,23.0,4.0
Moose ,Chow Chow ,Black ,48.0,23.0,21.08.2018 ,22.0,4.0
Toby ,Schnauzer ,Black ,49.0,17.0,12.09.2016 ,24.0,4.0
Willow ,Labrador ,Chocolate ,57.0,26.0,22.05.2015 ,32.0,4.0
Coco ,Chihuahua ,Black ,18.0,2.0,17.01.2017 ,12.0,4.0
Apollo ,St. Bernard ,Brown ,77.0,75.0,29.07.2015 ,40.0,4.0
Murphy ,Labrador ,Yellow ,58.0,27.0,06.09.2017 ,33.0,4.0
Piper ,Poodle ,White ,44.0,22.0,09.11.2017 ,24.0,4.0
Nala ,Chow Chow ,Red ,47.0,24.0,14.06.2014 ,22.0,4.0
Riley ,Schnauzer ,Gray ,51.0,19.0,30.04.2019 ,26.0,4.0
Archie ,Labrador ,Black ,59.0,28.0,05.10.2019 ,34.0,4.0
Sophie ,Chihuahua ,Tan ,18.0,2.0,15.03.2018 ,12.0,4.0
Buster ,St. Bernard ,White ,79.0,77.0,11.07.2018 ,41.0,4.0
